{
  "name": "{{Dataset_Name}}",
  "compatibilityLevel": 1604,
  "model": {
    "name": "{{Dataset_Name}}",
    "culture": "en-US",
    "collation": "Latin1_General_100_BIN2_UTF8",
    "dataAccessOptions": {
      "legacyRedirects": true,
      "returnErrorValuesAsNull": true
    },
    "defaultPowerBIDataSourceVersion": "powerBI_V3",
    "sourceQueryCulture": "en-US",
    "tables": [
      {
        "name": "DimCustomer",
        "sourceLineageTag": "[dbo].[DimCustomer]",
        "columns": [
          {
            "name": "CustomerKey",
            "dataType": "int64",
            "sourceColumn": "CustomerKey",
            "formatString": "0",
            "sourceProviderType": "int",
            "sourceLineageTag": "CustomerKey",
            "summarizeBy": "sum",
            "annotations": [
              {
                "name": "SummarizationSetBy",
                "value": "Automatic"
              }
            ]
          },
          {
            "name": "CustomerAltKey",
            "dataType": "string",
            "sourceColumn": "CustomerAltKey",
            "sourceProviderType": "varchar",
            "sourceLineageTag": "CustomerAltKey",
            "summarizeBy": "none",
            "annotations": [
              {
                "name": "SummarizationSetBy",
                "value": "Automatic"
              }
            ]
          },
          {
            "name": "Title",
            "dataType": "string",
            "isHidden": true,
            "sourceColumn": "Title",
            "sourceProviderType": "varchar",
            "sourceLineageTag": "Title",
            "summarizeBy": "none",
            "annotations": [
              {
                "name": "SummarizationSetBy",
                "value": "Automatic"
              }
            ]
          },
          {
            "name": "FirstName",
            "dataType": "string",
            "sourceColumn": "FirstName",
            "sourceProviderType": "varchar",
            "sourceLineageTag": "FirstName",
            "summarizeBy": "none",
            "changedProperties": [
              {
                "property": "IsHidden"
              }
            ],
            "annotations": [
              {
                "name": "SummarizationSetBy",
                "value": "Automatic"
              }
            ]
          },
          {
            "name": "LastName",
            "dataType": "string",
            "sourceColumn": "LastName",
            "sourceProviderType": "varchar",
            "sourceLineageTag": "LastName",
            "summarizeBy": "none",
            "changedProperties": [
              {
                "property": "IsHidden"
              }
            ],
            "annotations": [
              {
                "name": "SummarizationSetBy",
                "value": "Automatic"
              }
            ]
          },
          {
            "name": "AddressLine1",
            "dataType": "string",
            "sourceColumn": "AddressLine1",
            "sourceProviderType": "varchar",
            "sourceLineageTag": "AddressLine1",
            "summarizeBy": "none",
            "changedProperties": [
              {
                "property": "IsHidden"
              }
            ],
            "annotations": [
              {
                "name": "SummarizationSetBy",
                "value": "Automatic"
              }
            ]
          },
          {
            "name": "City",
            "dataType": "string",
            "sourceColumn": "City",
            "sourceProviderType": "varchar",
            "sourceLineageTag": "City",
            "summarizeBy": "none",
            "changedProperties": [
              {
                "property": "IsHidden"
              }
            ],
            "annotations": [
              {
                "name": "SummarizationSetBy",
                "value": "Automatic"
              }
            ]
          },
          {
            "name": "StateProvince",
            "dataType": "string",
            "sourceColumn": "StateProvince",
            "sourceProviderType": "varchar",
            "sourceLineageTag": "StateProvince",
            "summarizeBy": "none",
            "changedProperties": [
              {
                "property": "IsHidden"
              }
            ],
            "annotations": [
              {
                "name": "SummarizationSetBy",
                "value": "Automatic"
              }
            ]
          },
          {
            "name": "CountryRegion",
            "dataType": "string",
            "sourceColumn": "CountryRegion",
            "sourceProviderType": "varchar",
            "sourceLineageTag": "CountryRegion",
            "summarizeBy": "none",
            "changedProperties": [
              {
                "property": "IsHidden"
              }
            ],
            "annotations": [
              {
                "name": "SummarizationSetBy",
                "value": "Automatic"
              }
            ]
          },
          {
            "name": "PostalCode",
            "dataType": "string",
            "sourceColumn": "PostalCode",
            "sourceProviderType": "varchar",
            "sourceLineageTag": "PostalCode",
            "summarizeBy": "none",
            "changedProperties": [
              {
                "property": "IsHidden"
              }
            ],
            "annotations": [
              {
                "name": "SummarizationSetBy",
                "value": "Automatic"
              }
            ]
          }
        ],
        "partitions": [
          {
            "name": "{{Partition_Name}}",
            "mode": "directLake",
            "source": {
              "type": "entity",
              "entityName": "DimCustomer",
              "expressionSource": "DatabaseQuery",
              "schemaName": "dbo"
            }
          }
        ],
        "annotations": [
          {
            "name": "IsTableInBiModel",
            "value": "True"
          }
        ]
      },
      {
        "name": "DimDate",
        "sourceLineageTag": "[dbo].[DimDate]",
        "columns": [
          {
            "name": "DateKey",
            "dataType": "int64",
            "sourceColumn": "DateKey",
            "formatString": "0",
            "sourceProviderType": "int",
            "sourceLineageTag": "DateKey",
            "summarizeBy": "sum",
            "annotations": [
              {
                "name": "SummarizationSetBy",
                "value": "Automatic"
              }
            ]
          },
          {
            "name": "DateAltKey",
            "dataType": "dateTime",
            "sourceColumn": "DateAltKey",
            "formatString": "General Date",
            "sourceProviderType": "date",
            "sourceLineageTag": "DateAltKey",
            "summarizeBy": "none",
            "annotations": [
              {
                "name": "SummarizationSetBy",
                "value": "Automatic"
              }
            ]
          },
          {
            "name": "DayOfWeek",
            "dataType": "int64",
            "sourceColumn": "DayOfWeek",
            "formatString": "0",
            "sourceProviderType": "int",
            "sourceLineageTag": "DayOfWeek",
            "summarizeBy": "sum",
            "changedProperties": [
              {
                "property": "IsHidden"
              }
            ],
            "annotations": [
              {
                "name": "SummarizationSetBy",
                "value": "Automatic"
              }
            ]
          },
          {
            "name": "WeekDayName",
            "dataType": "string",
            "sourceColumn": "WeekDayName",
            "sourceProviderType": "varchar",
            "sourceLineageTag": "WeekDayName",
            "summarizeBy": "none",
            "changedProperties": [
              {
                "property": "IsHidden"
              }
            ],
            "annotations": [
              {
                "name": "SummarizationSetBy",
                "value": "Automatic"
              }
            ]
          },
          {
            "name": "DayOfMonth",
            "dataType": "int64",
            "sourceColumn": "DayOfMonth",
            "formatString": "0",
            "sourceProviderType": "int",
            "sourceLineageTag": "DayOfMonth",
            "summarizeBy": "sum",
            "changedProperties": [
              {
                "property": "IsHidden"
              }
            ],
            "annotations": [
              {
                "name": "SummarizationSetBy",
                "value": "Automatic"
              }
            ]
          },
          {
            "name": "Month",
            "dataType": "int64",
            "sourceColumn": "Month",
            "formatString": "0",
            "sourceProviderType": "int",
            "sourceLineageTag": "Month",
            "summarizeBy": "sum",
            "changedProperties": [
              {
                "property": "IsHidden"
              }
            ],
            "annotations": [
              {
                "name": "SummarizationSetBy",
                "value": "Automatic"
              }
            ]
          },
          {
            "name": "MonthName",
            "dataType": "string",
            "sourceColumn": "MonthName",
            "sourceProviderType": "varchar",
            "sourceLineageTag": "MonthName",
            "summarizeBy": "none",
            "changedProperties": [
              {
                "property": "IsHidden"
              }
            ],
            "annotations": [
              {
                "name": "SummarizationSetBy",
                "value": "Automatic"
              }
            ]
          },
          {
            "name": "Year",
            "dataType": "int64",
            "sourceColumn": "Year",
            "formatString": "0",
            "sourceProviderType": "int",
            "sourceLineageTag": "Year",
            "summarizeBy": "sum",
            "changedProperties": [
              {
                "property": "IsHidden"
              }
            ],
            "annotations": [
              {
                "name": "SummarizationSetBy",
                "value": "Automatic"
              }
            ]
          }
        ],
        "partitions": [
          {
            "name": "{{Partition_Name}}",
            "mode": "directLake",
            "source": {
              "type": "entity",
              "entityName": "DimDate",
              "expressionSource": "DatabaseQuery",
              "schemaName": "dbo"
            }
          }
        ],
        "annotations": [
          {
            "name": "IsTableInBiModel",
            "value": "True"
          }
        ]
      },
      {
        "name": "DimProduct",
        "sourceLineageTag": "[dbo].[DimProduct]",
        "columns": [
          {
            "name": "ProductKey",
            "dataType": "int64",
            "sourceColumn": "ProductKey",
            "formatString": "0",
            "sourceProviderType": "int",
            "sourceLineageTag": "ProductKey",
            "summarizeBy": "sum",
            "annotations": [
              {
                "name": "SummarizationSetBy",
                "value": "Automatic"
              }
            ]
          },
          {
            "name": "ProductAltKey",
            "dataType": "string",
            "sourceColumn": "ProductAltKey",
            "sourceProviderType": "varchar",
            "sourceLineageTag": "ProductAltKey",
            "summarizeBy": "none",
            "annotations": [
              {
                "name": "SummarizationSetBy",
                "value": "Automatic"
              }
            ]
          },
          {
            "name": "ProductName",
            "dataType": "string",
            "sourceColumn": "ProductName",
            "sourceProviderType": "varchar",
            "sourceLineageTag": "ProductName",
            "summarizeBy": "none",
            "changedProperties": [
              {
                "property": "IsHidden"
              }
            ],
            "annotations": [
              {
                "name": "SummarizationSetBy",
                "value": "Automatic"
              }
            ]
          },
          {
            "name": "Category",
            "dataType": "string",
            "sourceColumn": "Category",
            "sourceProviderType": "varchar",
            "sourceLineageTag": "Category",
            "summarizeBy": "none",
            "changedProperties": [
              {
                "property": "IsHidden"
              }
            ],
            "annotations": [
              {
                "name": "SummarizationSetBy",
                "value": "Automatic"
              }
            ]
          },
          {
            "name": "ListPrice",
            "dataType": "int64",
            "sourceColumn": "ListPrice",
            "formatString": "0",
            "sourceProviderType": "decimal",
            "sourceLineageTag": "ListPrice",
            "summarizeBy": "sum",
            "changedProperties": [
              {
                "property": "IsHidden"
              }
            ],
            "annotations": [
              {
                "name": "SummarizationSetBy",
                "value": "Automatic"
              }
            ]
          }
        ],
        "partitions": [
          {
            "name": "{{Partition_Name}}",
            "mode": "directLake",
            "source": {
              "type": "entity",
              "entityName": "DimProduct",
              "expressionSource": "DatabaseQuery",
              "schemaName": "dbo"
            }
          }
        ],
        "annotations": [
          {
            "name": "IsTableInBiModel",
            "value": "True"
          }
        ]
      },
      {
        "name": "FactSalesOrder",
        "sourceLineageTag": "[dbo].[FactSalesOrder]",
        "columns": [
          {
            "name": "SalesOrderKey",
            "dataType": "int64",
            "sourceColumn": "SalesOrderKey",
            "formatString": "0",
            "sourceProviderType": "int",
            "sourceLineageTag": "SalesOrderKey",
            "summarizeBy": "sum",
            "changedProperties": [
              {
                "property": "IsHidden"
              }
            ],
            "annotations": [
              {
                "name": "SummarizationSetBy",
                "value": "Automatic"
              }
            ]
          },
          {
            "name": "SalesOrderDateKey",
            "dataType": "int64",
            "sourceColumn": "SalesOrderDateKey",
            "formatString": "0",
            "sourceProviderType": "int",
            "sourceLineageTag": "SalesOrderDateKey",
            "summarizeBy": "sum",
            "changedProperties": [
              {
                "property": "IsHidden"
              }
            ],
            "annotations": [
              {
                "name": "SummarizationSetBy",
                "value": "Automatic"
              }
            ]
          },
          {
            "name": "ProductKey",
            "dataType": "int64",
            "sourceColumn": "ProductKey",
            "formatString": "0",
            "sourceProviderType": "int",
            "sourceLineageTag": "ProductKey",
            "summarizeBy": "sum",
            "annotations": [
              {
                "name": "SummarizationSetBy",
                "value": "Automatic"
              }
            ]
          },
          {
            "name": "CustomerKey",
            "dataType": "int64",
            "sourceColumn": "CustomerKey",
            "formatString": "0",
            "sourceProviderType": "int",
            "sourceLineageTag": "CustomerKey",
            "summarizeBy": "sum",
            "annotations": [
              {
                "name": "SummarizationSetBy",
                "value": "Automatic"
              }
            ]
          },
          {
            "name": "Quantity",
            "dataType": "int64",
            "sourceColumn": "Quantity",
            "formatString": "0",
            "sourceProviderType": "int",
            "sourceLineageTag": "Quantity",
            "summarizeBy": "sum",
            "changedProperties": [
              {
                "property": "IsHidden"
              }
            ],
            "annotations": [
              {
                "name": "SummarizationSetBy",
                "value": "Automatic"
              }
            ]
          },
          {
            "name": "SalesTotal",
            "dataType": "int64",
            "sourceColumn": "SalesTotal",
            "formatString": "0",
            "sourceProviderType": "decimal",
            "sourceLineageTag": "SalesTotal",
            "summarizeBy": "sum",
            "changedProperties": [
              {
                "property": "IsHidden"
              }
            ],
            "annotations": [
              {
                "name": "SummarizationSetBy",
                "value": "Automatic"
              }
            ]
          }
        ],
        "partitions": [
          {
            "name": "{{Partition_Name}}",
            "mode": "directLake",
            "source": {
              "type": "entity",
              "entityName": "FactSalesOrder",
              "expressionSource": "DatabaseQuery",
              "schemaName": "dbo"
            }
          }
        ],
        "annotations": [
          {
            "name": "IsTableInBiModel",
            "value": "True"
          }
        ]
      },
      {
        "name": "vSalesByRegion",
        "sourceLineageTag": "[dbo].[vSalesByRegion]",
        "columns": [
          {
            "name": "CalendarYear",
            "dataType": "int64",
            "sourceColumn": "CalendarYear",
            "formatString": "0",
            "sourceProviderType": "int",
            "sourceLineageTag": "CalendarYear",
            "summarizeBy": "sum",
            "changedProperties": [
              {
                "property": "IsHidden"
              }
            ],
            "annotations": [
              {
                "name": "SummarizationSetBy",
                "value": "Automatic"
              }
            ]
          },
          {
            "name": "MonthOfYear",
            "dataType": "int64",
            "sourceColumn": "MonthOfYear",
            "formatString": "0",
            "sourceProviderType": "int",
            "sourceLineageTag": "MonthOfYear",
            "summarizeBy": "sum",
            "changedProperties": [
              {
                "property": "IsHidden"
              }
            ],
            "annotations": [
              {
                "name": "SummarizationSetBy",
                "value": "Automatic"
              }
            ]
          },
          {
            "name": "MonthName",
            "dataType": "string",
            "sourceColumn": "MonthName",
            "sourceProviderType": "varchar",
            "sourceLineageTag": "MonthName",
            "summarizeBy": "none",
            "changedProperties": [
              {
                "property": "IsHidden"
              }
            ],
            "annotations": [
              {
                "name": "SummarizationSetBy",
                "value": "Automatic"
              }
            ]
          },
          {
            "name": "SalesRegion",
            "dataType": "string",
            "sourceColumn": "SalesRegion",
            "sourceProviderType": "varchar",
            "sourceLineageTag": "SalesRegion",
            "summarizeBy": "none",
            "changedProperties": [
              {
                "property": "IsHidden"
              }
            ],
            "annotations": [
              {
                "name": "SummarizationSetBy",
                "value": "Automatic"
              }
            ]
          },
          {
            "name": "SalesRevenue",
            "dataType": "double",
            "sourceColumn": "SalesRevenue",
            "sourceProviderType": "decimal",
            "sourceLineageTag": "SalesRevenue",
            "summarizeBy": "sum",
            "changedProperties": [
              {
                "property": "IsHidden"
              }
            ],
            "annotations": [
              {
                "name": "SummarizationSetBy",
                "value": "Automatic"
              },
              {
                "name": "PBI_FormatHint",
                "value": "{\"isGeneralNumber\":true}"
              }
            ]
          }
        ],
        "partitions": [
          {
            "name": "{{Partition_Name}}",
            "mode": "directLake",
            "source": {
              "type": "entity",
              "entityName": "vSalesByRegion",
              "expressionSource": "DatabaseQuery",
              "schemaName": "dbo"
            }
          }
        ],
        "changedProperties": [
          {
            "property": "IsHidden"
          }
        ],
        "annotations": [
          {
            "name": "IsTableInBiModel",
            "value": "True"
          }
        ]
      }
    ],
    "relationships": [
      {
        "name": "0632dde3ea6bed38086ebaf4724be63d",
        "fromTable": "FactSalesOrder",
        "fromColumn": "SalesOrderDateKey",
        "toTable": "DimDate",
        "toColumn": "DateKey"
      },
      {
        "name": "9757d1cfb60d8b5b2de2e995cd097223",
        "fromTable": "FactSalesOrder",
        "fromColumn": "ProductKey",
        "toTable": "DimProduct",
        "toColumn": "ProductKey"
      },
      {
        "name": "a39cff0b0b3f6b4c4859baef305175c5",
        "fromTable": "FactSalesOrder",
        "fromColumn": "CustomerKey",
        "toTable": "DimCustomer",
        "toColumn": "CustomerKey"
      }
    ],
    "expressions": [
      {
        "name": "DatabaseQuery",
        "kind": "m",
        "expression": "let\n    database = {{TDS_Endpoint}}\nin\n    database\n"
      }
    ],
    "annotations": [
      {
        "name": "__PBI_TimeIntelligenceEnabled",
        "value": "0"
      },
      {
        "name": "SourceLineageTagType",
        "value": "DatabaseFullyQualifiedName"
      }
    ]
  }
}